Workbook

Sheet Project_Data
A1: Project_ID | B1: Activity | C1: Category | D1: Planned_Cost | E1: Actual_Cost | F1: Planned_Duration | G1: Actual_Duration | H1: Completion_Percentage | I1: Status | J1: Risk_Level
A2: P001 | B2: Site Preparation | C2: Planning | D2: 50000 | E2: 52000 | F2: 30 | G2: 35 | H2: 100 | I2: Completed | J2: Medium
A3: P002 | B3: Foundation Work | C3: Construction | D3: 150000 | E3: 165000 | F3: 60 | G3: 70 | H3: 90 | I3: In Progress | J3: High
A4: P003 | B4: Structural Construction | C4: Construction | D4: 400000 | E4: 385000 | F4: 120 | G4: 110 | H4: 75 | I4: In Progress | J4: Medium
A5: P004 | B5: Electrical Installation | C5: Installation | D5: 80000 | E5: 0 | F5: 45 | G5: 0 | H5: 0 | I5: Not Started | J5: Low
A6: P005 | B6: Plumbing Installation | C6: Installation | D6: 70000 | E6: 0 | F6: 40 | G6: 0 | H6: 0 | I6: Not Started | J6: Low
A7: P006 | B7: Interior Finishing | C7: Finishing | D7: 200000 | E7: 0 | F7: 90 | G7: 0 | H7: 0 | I7: Not Started | J7: Medium
A8: P007 | B8: Final Inspection | C8: Closing | D8: 30000 | E8: 0 | F8: 15 | G8: 0 | H8: 0 | I8: Not Started | J8: Low

Sheet KPI_Summary
A1: KPI | B1: Value
A2: Total Planned Budget | B2: =SUM(Project_Data!D:D) -> 980000
A3: Total Actual Cost | B3: =SUM(Project_Data!E:E) -> 602000
A4: Cost Variance | B4: =B3-B2 -> -378000
A5: Average Completion% | B5: =AVERAGE(Project_Data!H:H)/100 -> 0.37857143
A6: Total Activities | B6: =COUNTA(Project_Data!B:B)-1 -> 7
A7: Completed Activities | B7: =COUNTIF(Project_Data!I:I,"Completed") -> 1
A8: In Progress Activities | B8: =COUNTIF(Project_Data!I:I,"In Progress") -> 2
A9: Not Started Activities | B9: =COUNTIF(Project_Data!I:I,"Not Started") -> 4

Sheet Status_Summary
A1: Status | B1: Count
A2: Completed | B2: =COUNTIF(Project_Data!I:I,"Completed") -> 1
A3: In Progress | B3: =COUNTIF(Project_Data!I:I,"In Progress") -> 2
A4: Not Started | B4: =COUNTIF(Project_Data!I:I,"Not Started") -> 4

Sheet Cost_Analysis
A1: Activity | B1: Planned Cost | C1: Annual Cost
A2: =Project_Data!B2 -> Site Preparation | B2: =Project_Data!D2 -> 50000 | C2: =Project_Data!E2 -> 52000
A3: =Project_Data!B3 -> Foundation Work | B3: =Project_Data!D3 -> 150000 | C3: =Project_Data!E3 -> 165000
A4: =Project_Data!B4 -> Structural Construction | B4: =Project_Data!D4 -> 400000 | C4: =Project_Data!E4 -> 385000
A5: =Project_Data!B5 -> Electrical Installation | B5: =Project_Data!D5 -> 80000 | C5: =Project_Data!E5 -> 0
A6: =Project_Data!B6 -> Plumbing Installation | B6: =Project_Data!D6 -> 70000 | C6: =Project_Data!E6 -> 0
A7: =Project_Data!B7 -> Interior Finishing | B7: =Project_Data!D7 -> 200000 | C7: =Project_Data!E7 -> 0
A8: =Project_Data!B8 -> Final Inspection | B8: =Project_Data!D8 -> 30000 | C8: =Project_Data!E8 -> 0
